Name,Value_1,Type_1
2013105994,additem 2013105994 1,string
2013105995,additem 2013105995 1,string
2013105996,additem 2013105996 1,string
2013105997,additem 2013105997 1,string
2013105998,additem 2013105998 1,string
2013105999,additem 2013105999 1,string
2013106000,additem 2013106000 1,string
1990000107,additem 1990000107 1,string
1990000108,additem 1990000108 1,string
1990000109,additem 1990000109 1,string
1990000110,additem 1990000110 1,string
1990000111,additem 1990000111 1,string
1990000112,additem 1990000112 1,string
1990000113,additem 1990000113 1,string
1990000114,additem 1990000114 1,string
1990000115,additem 1990000115 1,string
2013100920,additem 2013100920 1,string
2013100921,additem 2013100921 1,string
2013100922,additem 2013100922 1,string
2013100923,additem 2013100923 1,string
2013100924,additem 2013100924 1,string
2013100925,additem 2013100925 1,string
2013100926,additem 2013100926 1,string
2013100927,additem 2013100927 1,string
2013100928,additem 2013100928 1,string
2013100929,additem 2013100929 1,string
2013100931,additem 2013100931 1,string
2013100933,additem 2013100933 1,string
2013100955,additem 2013100955 1,string
2013100957,additem 2013100957 1,string
2013100958,additem 2013100958 1,string
2013100959,additem 2013100959 1,string
2013100960,additem 2013100960 1,string
2013100961,additem 2013100961 1,string
2013100985,additem 2013100985 1,string
2013100986,additem 2013100986 1,string
2013100987,additem 2013100987 1,string
2013100988,additem 2013100988 1,string
2013100989,additem 2013100989 1,string
2013100990,additem 2013100990 1,string
2013100991,additem 2013100991 1,string
2013100993,additem 2013100993 1,string
2013100994,additem 2013100994 1,string
2013100995,additem 2013100995 1,string
2013100996,additem 2013100996 1,string
2013100997,additem 2013100997 1,string
2013100998,additem 2013100998 1,string
2013100999,additem 2013100999 1,string
2013101000,additem 2013101000 1,string
2013101001,additem 2013101001 1,string
2013101002,additem 2013101002 1,string
2013101003,additem 2013101003 1,string
2013101004,additem 2013101004 1,string
2013101005,additem 2013101005 1,string
2013101006,additem 2013101006 1,string
2013101007,additem 2013101007 1,string
2013101008,additem 2013101008 1,string
2013101009,additem 2013101009 1,string
2013101010,additem 2013101010 1,string
2013101011,additem 2013101011 1,string
2013101012,additem 2013101012 1,string
2013101013,additem 2013101013 1,string
2013101015,additem 2013101015 1,string
2013101016,additem 2013101016 1,string
2013101017,additem 2013101017 1,string
2013101018,additem 2013101018 1,string
2013101019,additem 2013101019 1,string
2013101020,additem 2013101020 1,string
2013101021,additem 2013101021 1,string
2013101024,additem 2013101024 1,string
2013101026,additem 2013101026 1,string
2013101027,additem 2013101027 1,string
2013101028,additem 2013101028 1,string
2013101030,additem 2013101030 1,string
2013101031,additem 2013101031 1,string
2013101033,additem 2013101033 1,string
2013101035,additem 2013101035 1,string
2013101036,additem 2013101036 1,string
2013101037,additem 2013101037 1,string
2013101038,additem 2013101038 1,string
2013104479,additem 2013104479 1,string
