Name,Value_1,Type_1
2000290119,additem 2000290119 1,string
2000290120,additem 2000290120 1,string
2000290121,additem 2000290121 1,string
2000290086,additem 2000290086 1,string
2000290122,additem 2000290122 1,string
2000290087,additem 2000290087 1,string
2000290124,additem 2000290124 1,string
2000290088,additem 2000290088 1,string
2000290089,additem 2000290089 1,string
2000290090,additem 2000290090 1,string
2000290123,additem 2000290123 1,string
2000290129,additem 2000290129 1,string
2000290130,additem 2000290130 1,string
2000290134,additem 2000290134 1,string
2000290126,additem 2000290126 1,string
2000290127,additem 2000290127 1,string
2000290128,additem 2000290128 1,string
2000290145,additem 2000290145 1,string
2000290146,additem 2000290146 1,string
2000290147,additem 2000290147 1,string
2000290143,additem 2000290143 1,string
2000290144,additem 2000290144 1,string
1900290000,additem 1900290000 1,string
1900290001,additem 1900290001 1,string
